{
	"dev": {
		"secret": "blockparty api -dev",
		"user": "7HPxTmNeu24Y36v",
		"host": "blockpartyinc-dev-rds.cnzawudwp7gj.us-east-2.rds.amazonaws.com",
		"database": "db_blockparty",
		"password": "1MR$k7!rxSRV",
		"port": 3000,
		"pg_port": 5432,
		"clientID": 496806970888743,
		"clientSecret": "4b652b90b0b9c456c1ebd1e79c1ebc24",
		"apiKey": "Uy3td5JVOUypeY7eRBJ4KS3WrIx48yOgGzYvHuMRCe72E3UCY2QQctGnEnF49noKamGAUrhqcvPVNLhcOAi2Mjk39Tj4im80Of3VlxNw42n6y84QqXoWt8ADNcReTn",
		"mongoURL": "mongodb://mongo.blockpartyinc.com:27019/blockparty_passport_dev",
		"mongoUN": "IvERMaCR",
		"mongoPW": "jaHR504!",
		"sendGridAPIKey": "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",
		"fromEmail": "support@blockpartyinc.com",
		"templateIdFirst": "d-2a18bd53fa044a3eba2bc7fc9c631023",
		"templateIdSecond": "d-fb22c94d437c4c9a86d4be66a5d3433a",
		"STRIPE_PUBLISHABLE_KEY": "pk_test_51I3sAbK1E0kUi4cjnuVKVeyDxrPtjilGjv1l9NtMtNy1sXIxCQrNs1DnBYmXfyXBXSG6wzcGJVDqHEK7NafkqOla00jQe9bwBv",
		"STRIPE_SECRET_KEY": "sk_test_51I3sAbK1E0kUi4cjvMWXfspwxjV4PJMRbVo38BEL1VJcm2r1iawx3ERTvdYpkV6ZgK6CKbGVxyoGqP4elGFOT0Qa009PdAqFEO"
	},
	"prod": {
		"secret": "blockparty api -prod",
		"user": "M7yCA7DQvCUvmmf",
		"host": "blockparty-prod-rds.cww1ffyugaa7.us-east-1.rds.amazonaws.com",
		"database": "db_blockparty",
		"password": "VreuLj34u^W!",
		"port": 3000,
		"pg_port": 5432,
		"clientID": 496806970888743,
		"clientSecret": "4b652b90b0b9c456c1ebd1e79c1ebc24",
		"apiKey": "DzGBZLEdAGPjPmneegZaRYocYJLP8r1xSA2mm2hfJi136XK8gkcnwXSwaDeDRWUed59WEM2MNpcwgGI8oOvJTDYiEbe3N8eQcXEMv25QodnlPvXUDrxLHBQQN33Aua",
		"mongoURL": "mongodb://mongo.blockpartyinc.com:27019/blockparty_passport_prod",
		"mongoUN": "RanTitUD",
		"mongoPW": "H45hW*Y@",
		"sendGridAPIKey": "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",
		"fromEmail": "support@blockpartyinc.com",
		"templateIdFirst": "d-2a18bd53fa044a3eba2bc7fc9c631023",
		"templateIdSecond": "d-fb22c94d437c4c9a86d4be66a5d3433a",
		"STRIPE_PUBLISHABLE_KEY": 
		"pk_live_51I3sAbK1E0kUi4cjhNVQsQxNXdRZepnDpGbXwBezTbo7OGgfu9oe56cIWzzW9MHuLfoV5pY9UEcKLwM8jL0pMSkR00awGSNLA9",
		"STRIPE_SECRET_KEY":
		"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"
	}
}